accuracy,precision,recall,f1,roc_auc,n_estimators,max_depth,train_rows,test_rows
0.9710906701708278,0.9464285714285714,0.8688524590163934,0.905982905982906,0.9951833038302675,200,None,3549,761
